,City,Cloudiness,Country,Date,Humidity,Lat,Lng,Max Temp,Wind Speed
0,port alfred,0,ZA,1593654426,68,-33.59,26.89,15.56,2.13
1,tigil,80,RU,1593654426,45,57.8,158.67,18.26,3.22
2,caravelas,15,BR,1593654426,89,-17.71,-39.25,22.95,3.63
3,saldanha,0,ZA,1593654426,93,-33.01,17.94,10.0,2.6
4,cape town,33,ZA,1593654427,100,-33.93,18.42,12.22,0.5
5,vaini,75,TO,1593654427,69,-21.2,-175.2,24.0,4.1
6,wyndham,75,US,1593654427,94,37.7,-77.61,22.22,1.5
7,bengkulu,100,ID,1593654428,85,-3.8,102.27,23.93,1.63
8,ribeira grande,12,PT,1593654428,72,38.52,-28.7,18.29,3.35
9,castro,58,BR,1593654428,89,-24.79,-50.01,5.78,2.05
10,huty,0,UA,1593654428,85,50.13,35.34,16.61,0.68
11,maningrida,25,AU,1593654429,52,-12.07,134.27,27.61,4.83
12,ponta do sol,40,PT,1593654429,68,32.67,-17.1,22.0,4.1
13,clyde river,75,CA,1593654429,86,70.47,-68.59,4.0,2.1
14,mataura,2,NZ,1593654430,76,-46.19,168.86,8.25,1.07
15,rikitea,0,PF,1593654430,68,-23.12,-134.97,20.87,9.8
16,cabo san lucas,40,MX,1593654430,83,22.89,-109.91,27.22,2.6
17,tibati,60,CM,1593654430,95,6.47,12.63,18.72,0.8
18,hobart,75,AU,1593654157,76,-42.88,147.33,11.67,5.1
19,lavrentiya,100,RU,1593654431,95,65.58,-171.0,6.63,8.02
20,bethel,90,US,1593654431,93,41.37,-73.41,19.44,0.89
21,ulaangom,0,MN,1593654431,47,49.98,92.07,22.66,3.53
22,korla,79,CN,1593654432,67,41.76,86.15,24.44,6.02
23,port blair,75,IN,1593654432,88,11.67,92.75,26.0,2.6
24,port hedland,37,AU,1593654432,24,-20.32,118.57,26.0,6.7
25,gat,0,IL,1593654180,56,31.61,34.76,21.67,1.34
26,dunedin,15,NZ,1593654368,74,-45.87,170.5,8.33,4.02
27,atuona,29,PF,1593654434,77,-9.8,-139.03,26.91,9.64
28,busselton,24,AU,1593654434,75,-33.65,115.33,11.67,1.49
29,vao,0,NC,1593654435,55,-22.67,167.48,20.15,6.04
30,yerbogachen,93,RU,1593654435,43,61.28,108.01,25.01,2.29
31,tiksi,30,RU,1593654436,67,71.69,128.87,6.67,3.58
32,ochamchira,0,GE,1593654436,85,42.71,41.47,19.92,1.3
33,ballina,20,AU,1593654437,53,-28.87,153.57,22.0,1.0
34,sitka,20,US,1593654437,72,57.05,-135.33,16.0,7.7
35,albany,60,US,1593654376,84,42.6,-73.97,20.56,1.55
36,barrow,75,US,1593654437,81,71.29,-156.79,6.0,5.1
37,puerto escondido,100,MX,1593654438,75,15.85,-97.07,27.5,1.49
38,bluff,21,NZ,1593654438,72,-46.6,168.33,8.45,2.1
39,east london,52,ZA,1593654438,32,-33.02,27.91,17.51,2.28
40,ushuaia,34,AR,1593654439,92,-54.8,-68.3,-3.0,2.1
41,cidreira,28,BR,1593654439,81,-30.18,-50.21,11.82,7.27
42,samarai,86,PG,1593654439,80,-10.62,150.67,25.41,8.23
43,sept-iles,75,CA,1593654340,56,50.2,-66.38,23.0,1.5
44,tuktoyaktuk,90,CA,1593654440,86,69.45,-133.04,5.0,5.1
45,saint-philippe,75,RE,1593654440,88,-21.36,55.77,19.0,2.6
46,dikson,100,RU,1593654440,98,73.51,80.55,4.28,8.15
47,punta arenas,17,CL,1593654338,95,-53.15,-70.92,1.0,4.1
48,seoul,90,KR,1593654186,73,37.57,126.98,24.0,1.2
49,mitsamiouli,80,KM,1593654442,70,-11.38,43.28,24.78,7.37
50,malakal,98,SS,1593654442,79,9.53,31.66,24.37,1.96
51,marsa matruh,40,EG,1593654442,94,31.35,27.25,21.0,4.67
52,dong xoai,73,VN,1593654209,87,11.53,106.92,27.3,2.04
53,hermanus,60,ZA,1593654443,97,-34.42,19.23,7.22,2.84
54,jian,99,CN,1593654443,76,27.12,114.98,30.23,3.59
55,kahului,20,US,1593654444,46,20.89,-156.47,32.0,11.8
56,sao filipe,26,CV,1593654444,84,14.9,-24.5,22.96,2.4
57,jamestown,1,US,1593654444,68,42.1,-79.24,22.0,2.6
58,kyle,20,US,1593654444,66,30.0,-97.87,31.0,5.1
59,martapura,20,ID,1593654445,70,-3.42,114.85,30.0,3.6
60,lusambo,2,CD,1593654445,71,-4.97,23.45,20.61,0.64
61,shirokiy,0,RU,1593654445,78,49.76,129.52,21.42,3.6
62,bredasdorp,25,ZA,1593654446,100,-34.53,20.04,7.0,1.5
63,kiunga,98,PG,1593654446,80,-6.12,141.29,27.47,1.16
64,souillac,40,MU,1593654446,73,-20.52,57.52,22.0,5.1
65,vallenar,66,CL,1593654446,28,-28.57,-70.76,18.01,1.16
66,esperance,90,AU,1593654447,100,-33.87,121.9,11.0,4.1
67,waipawa,98,NZ,1593654447,87,-41.41,175.52,8.0,15.9
68,la ronge,40,CA,1593654447,88,55.1,-105.28,18.0,3.6
69,georgetown,20,MY,1593654404,88,5.41,100.34,29.0,1.5
70,hilo,20,US,1593654186,62,19.73,-155.09,29.0,4.1
71,tual,8,ID,1593654448,80,-5.67,132.75,26.19,8.99
72,san juan bautista,40,PE,1593654448,82,-14.01,-75.74,16.0,4.6
73,vardo,90,NO,1593654449,89,70.37,31.11,8.88,9.99
74,poso,23,ID,1593654449,58,-1.4,120.75,30.14,0.54
75,sacalaz,0,RO,1593654449,93,45.76,21.11,19.0,3.6
76,yellowknife,90,CA,1593654449,87,62.46,-114.35,16.67,10.3
77,tyup,21,KG,1593654450,51,42.73,78.36,16.53,1.16
78,bintulu,20,MY,1593654450,88,3.17,113.03,27.0,2.1
79,wasilla,1,US,1593654309,35,61.58,-149.44,23.0,2.1
80,narsaq,99,GL,1593654451,66,60.92,-46.05,9.0,2.1
81,haines junction,24,CA,1593654451,25,60.75,-137.51,20.17,2.23
82,butaritari,3,KI,1593654451,74,3.07,172.79,27.95,4.3
83,sassandra,75,CI,1593654451,83,4.95,-6.08,23.89,2.42
84,constitucion,7,CL,1593654452,84,-35.33,-72.42,10.15,2.0
85,kungurtug,0,RU,1593654452,40,50.6,97.52,21.73,5.35
86,ayagoz,36,KZ,1593654452,38,47.97,80.44,22.42,3.38
87,lebu,63,CL,1593654453,90,-37.62,-73.65,9.64,1.57
88,santona,90,ES,1593654453,100,43.44,-3.46,16.67,2.08
89,kodiak,1,US,1593654453,72,57.79,-152.41,15.0,2.6
90,ancud,75,CL,1593654454,100,-41.87,-73.82,9.44,4.1
91,fairbanks,90,US,1593654333,39,64.84,-147.72,17.22,2.1
92,sharon,20,US,1593654455,57,41.23,-80.49,24.0,1.5
93,geraldton,0,AU,1593654456,71,-28.77,114.6,14.0,5.7
94,ossora,2,RU,1593654456,42,59.24,163.07,14.41,7.9
95,kasongo-lunda,19,CD,1593654457,48,-6.47,16.82,19.38,0.42
96,miri,20,MY,1593654457,88,4.41,114.01,28.0,1.5
97,aklavik,90,CA,1593654457,71,68.22,-135.01,10.0,2.6
98,sistranda,20,NO,1593654457,87,63.73,8.83,6.0,3.1
99,chokurdakh,0,RU,1593654458,39,70.63,147.92,14.03,6.37
100,rio grande,68,BR,1593654458,91,-32.03,-52.1,8.89,2.68
101,saint george,1,US,1593654322,12,37.1,-113.58,34.44,7.7
102,mar del plata,75,AR,1593654385,93,-38.0,-57.56,7.78,3.1
103,jijiga,100,ET,1593654459,78,9.35,42.8,16.9,9.37
104,airai,26,TL,1593654459,39,-8.93,125.41,21.13,2.04
105,khatanga,100,RU,1593654459,69,71.97,102.5,11.8,9.37
106,rakai,79,UG,1593654460,64,-0.72,31.48,18.42,2.08
107,petrovsk,21,RU,1593654460,90,52.31,45.39,15.67,2.03
108,pukhrayan,75,IN,1593654460,49,26.23,79.85,34.02,0.58
109,tasiilaq,100,GL,1593654461,93,65.61,-37.64,4.0,0.5
110,san quintin,0,MX,1593654461,75,30.48,-115.95,18.98,5.2
111,provideniya,90,RU,1593654461,87,64.38,-173.3,8.0,6.0
112,fort stewart,75,US,1593654461,83,31.87,-81.61,27.0,1.5
113,surt,0,LY,1593654462,79,31.21,16.59,22.48,0.58
114,nyazepetrovsk,10,RU,1593654462,90,56.05,59.6,8.86,0.38
115,micheweni,100,TZ,1593654462,80,-4.97,39.83,23.87,6.37
116,mayo,75,US,1593654463,83,38.89,-76.51,24.44,2.68
117,klaksvik,82,FO,1593654463,81,62.23,-6.59,7.0,8.2
118,ostrovnoy,8,RU,1593654463,72,68.05,39.51,14.77,8.58
119,bambous virieux,40,MU,1593654463,73,-20.34,57.76,22.0,5.1
120,alice springs,0,AU,1593654238,29,-23.7,133.88,19.0,5.1
121,chagoda,1,RU,1593654464,92,59.16,35.33,11.98,3.0
122,salinas,90,US,1593654464,63,36.68,-121.66,18.0,5.7
123,garowe,37,SO,1593654324,54,8.41,48.48,24.41,13.18
124,batagay-alyta,100,RU,1593654465,33,67.8,130.41,20.28,4.3
125,atar,0,MR,1593654465,33,20.52,-13.05,31.41,4.18
126,shush,0,IR,1593654465,17,32.19,48.24,28.94,3.78
127,pevek,100,RU,1593654466,74,69.7,170.31,6.11,4.36
128,abatskoye,60,RU,1593654466,92,56.29,70.46,13.19,4.04
129,nikolskoye,48,RU,1593654466,82,59.7,30.79,15.0,4.0
130,iaciara,19,BR,1593654467,50,-14.1,-46.63,20.59,0.6
131,pisco,47,PE,1593654467,82,-13.7,-76.22,16.0,4.6
132,tyshkivka,0,UA,1593654467,78,48.5,30.94,16.9,1.22
133,mackay,40,AU,1593654467,69,-21.15,149.2,23.33,4.6
134,longyearbyen,2,SJ,1593654468,56,78.22,15.64,7.0,4.1
135,san borja,46,BO,1593654468,64,-14.82,-66.85,16.57,1.59
136,vuktyl,86,RU,1593654468,60,63.86,57.31,12.61,4.31
137,bataipora,0,BR,1593654469,88,-22.3,-53.27,9.54,1.94
138,palasbari,75,IN,1593654469,100,26.14,91.55,29.0,1.53
139,arraial do cabo,95,BR,1593654469,67,-22.97,-42.03,20.75,9.42
140,saskylakh,100,RU,1593654470,62,71.92,114.08,17.03,10.65
141,aktau,15,KZ,1593654470,51,43.65,51.2,16.0,3.0
142,lorengau,9,PG,1593654470,66,-2.02,147.27,29.84,4.23
143,faanui,100,PF,1593654471,81,-16.48,-151.75,26.39,9.96
144,nalut,0,LY,1593654471,24,30.33,10.85,26.67,3.89
145,aksum,55,ET,1593654471,80,14.12,38.72,16.48,0.35
146,rocha,83,UY,1593654472,82,-34.48,-54.33,6.67,4.19
147,westport,90,US,1593654304,88,41.14,-73.36,21.0,3.6
148,nanortalik,100,GL,1593654472,84,60.14,-45.24,5.21,2.05
149,kaeo,0,NZ,1593654473,45,-35.1,173.78,13.89,6.26
150,bilibino,100,RU,1593654473,74,68.05,166.44,6.89,4.57
151,touros,0,BR,1593654474,94,-5.2,-35.46,23.0,1.5
152,mount isa,17,AU,1593654475,47,-20.73,139.5,26.0,5.1
153,boddam,7,GB,1593654475,87,57.47,-1.78,7.78,2.6
154,chivacoa,35,VE,1593654476,100,10.16,-68.89,24.0,3.6
155,kerewan,75,GM,1593654476,88,13.49,-16.09,25.0,2.6
156,rivadavia,34,AR,1593654372,70,-33.19,-68.46,6.0,1.92
157,moryakovskiy zaton,20,RU,1593654477,73,56.7,84.65,21.0,2.0
158,kapaa,40,US,1593654477,66,22.08,-159.32,29.0,5.1
159,arroyo,0,ES,1593654477,87,41.61,-4.8,16.11,2.6
160,labuhan,15,ID,1593654478,74,-6.88,112.21,27.43,2.68
161,kulhudhuffushi,100,MV,1593654478,76,6.62,73.07,28.47,3.92
162,barnbach,40,AT,1593654478,93,47.03,15.85,16.11,0.5
163,thompson,90,CA,1593654479,93,55.74,-97.86,15.0,3.1
164,hasaki,40,JP,1593654479,54,35.73,140.83,29.0,8.2
165,new norfolk,72,AU,1593654479,80,-42.78,147.06,11.67,2.24
166,yumen,44,CN,1593654479,16,40.28,97.2,26.02,4.76
167,ayan,0,RU,1593654480,72,56.45,138.17,11.09,8.49
168,broome,75,US,1593654480,83,42.25,-75.83,21.0,2.6
169,puerto ayora,99,EC,1593654400,94,-0.74,-90.35,20.56,3.13
170,chabahar,21,IR,1593654481,74,25.29,60.64,29.78,1.86
171,kilimatinde,66,TZ,1593654481,86,-5.85,34.95,13.52,0.82
172,coos bay,40,US,1593654336,72,43.37,-124.22,18.89,6.2
173,avarua,0,CK,1593654481,83,-21.21,-159.78,26.0,5.1
174,pozo colorado,0,PY,1593654482,75,-23.49,-58.8,9.43,2.08
175,husavik,64,IS,1593654482,75,66.04,-17.34,6.0,1.0
176,vangaindrano,33,MG,1593654482,82,-23.35,47.6,16.52,2.47
177,hervey bay,40,AU,1593654420,60,-25.3,152.85,22.22,3.1
178,upernavik,100,GL,1593654483,80,72.79,-56.15,3.02,6.67
179,marawi,0,PH,1593654483,79,8.0,124.29,28.33,2.24
180,hirara,75,JP,1593654483,83,24.8,125.28,29.0,7.2
181,pandamatenga,0,BW,1593654483,74,-18.53,25.63,7.58,2.82
182,port lincoln,9,AU,1593654292,57,-34.73,135.87,13.31,8.74
183,zacualtipan,99,MX,1593654484,100,20.65,-98.6,16.81,0.93
184,axim,54,GH,1593654484,86,4.87,-2.24,23.99,3.07
185,cayenne,100,GF,1593654485,100,4.93,-52.33,25.0,2.07
186,hithadhoo,80,MV,1593654485,65,-0.6,73.08,28.78,1.39
187,port elizabeth,0,ZA,1593654464,75,-33.92,25.57,8.0,1.0
188,oktyabrskiy,75,RU,1593654485,79,54.48,53.47,11.76,2.25
189,eureka,1,US,1593654245,55,40.8,-124.16,18.0,7.7
190,ilulissat,3,GL,1593654486,66,69.22,-51.1,9.0,1.5
191,thinadhoo,21,MV,1593654486,66,0.53,72.93,28.79,1.79
192,betsiamites,1,CA,1593654486,64,48.94,-68.65,25.0,3.1
193,umaria,25,IN,1593654487,59,23.53,80.83,30.3,5.28
194,sakakah,0,SA,1593654487,17,29.97,40.21,28.0,2.6
195,gimli,0,CA,1593654259,76,50.63,-96.99,24.44,2.24
196,nushki,0,PK,1593654488,33,29.55,66.02,29.95,4.12
197,dharmadam,96,IN,1593654488,82,11.78,75.43,26.13,1.77
198,nkan,75,GA,1593654488,83,0.38,9.78,25.0,4.1
199,yantal,0,RU,1593654489,32,56.85,105.25,29.29,3.95
200,villa carlos paz,4,AR,1593654364,80,-31.42,-64.5,7.78,1.5
201,marfino,27,RU,1593654489,87,55.7,37.38,18.33,3.0
202,alofi,75,NU,1593654490,88,-19.06,-169.92,27.0,4.6
203,morant bay,20,JM,1593654490,74,17.88,-76.41,29.0,3.6
204,tzimol,13,MX,1593654490,94,16.27,-92.27,15.45,2.82
205,flinders,41,AU,1593654490,55,-34.58,150.86,21.67,8.49
206,awjilah,0,LY,1593654491,54,29.11,21.29,23.2,5.21
207,peleduy,62,RU,1593654491,33,59.63,112.74,30.49,2.12
208,shingu,40,JP,1593654491,61,33.73,135.98,26.0,5.7
209,saint anthony,75,US,1593654491,66,45.02,-93.22,29.44,2.1
210,beringovskiy,100,RU,1593654492,97,63.05,179.32,6.06,7.03
211,binzhou,22,CN,1593654492,47,37.37,118.02,32.78,2.61
212,codrington,93,AU,1593654492,75,-38.27,141.97,10.95,7.54
213,banjarmasin,20,ID,1593654493,70,-3.32,114.59,30.0,3.6
214,coahuayana,100,MX,1593654493,77,18.73,-103.68,26.8,0.86
215,bathsheba,75,BB,1593654493,83,13.22,-59.52,28.0,8.7
216,granger,1,US,1593654494,51,41.75,-86.13,28.0,3.1
217,hualmay,69,PE,1593654495,84,-11.1,-77.61,15.69,3.67
218,akyab,97,MM,1593654495,81,20.15,92.9,28.09,1.0
219,taraz,90,KZ,1593654496,31,42.9,71.37,25.0,3.0
220,coxim,0,BR,1593654464,52,-18.51,-54.76,16.98,1.72
221,carnarvon,0,AU,1593654497,59,-24.87,113.63,17.0,7.2
222,saint-leu,75,RE,1593654497,88,-21.15,55.28,19.0,2.6
223,umm kaddadah,4,SD,1593654497,46,13.6,26.69,29.36,6.48
224,te anau,11,NZ,1593654497,71,-45.42,167.72,7.24,0.39
225,luderitz,0,NA,1593654498,87,-26.65,15.16,11.0,0.5
226,isangel,20,VU,1593654498,50,-19.55,169.27,24.0,4.1
227,mahebourg,40,MU,1593654498,73,-20.41,57.7,22.0,5.1
228,belturbet,71,IE,1593654498,85,54.1,-7.45,12.78,1.34
229,paranagua,75,BR,1593654499,76,-25.52,-48.51,9.0,3.6
230,tampakan,85,PH,1593654499,63,6.44,124.93,30.69,0.47
231,rockhampton,40,AU,1593654500,50,-23.38,150.5,24.0,2.1
232,labuan,75,MY,1593654240,89,5.28,115.24,29.0,1.5
233,ternate,45,ID,1593654500,75,0.8,127.4,27.98,3.99
234,talara,0,PE,1593654500,79,-4.58,-81.27,18.75,7.87
235,namibe,0,AO,1593654501,80,-15.2,12.15,19.14,3.26
236,gogrial,99,SS,1593654501,81,8.53,28.1,22.68,1.71
237,saint-georges,20,GD,1593654501,83,12.06,-61.75,28.0,6.2
238,kasama,33,ZM,1593654501,90,-10.21,31.18,9.33,1.66
239,kameoka,90,JP,1593654502,71,35.0,135.58,25.0,0.45
240,opochka,58,RU,1593654502,88,56.71,28.66,13.95,2.81
241,sijunjung,84,ID,1593654291,68,-0.69,100.95,27.27,0.35
242,college,75,US,1593654502,39,64.86,-147.8,17.0,1.5
243,monrovia,100,LR,1593654503,85,6.3,-10.8,25.05,4.35
244,poronaysk,52,RU,1593654503,63,49.22,143.12,15.27,3.05
245,yar-sale,0,RU,1593654503,50,66.83,70.83,14.68,2.75
246,pacific grove,75,US,1593654319,77,36.62,-121.92,15.56,4.6
247,cap malheureux,7,MU,1593654504,80,-19.98,57.61,20.0,1.34
248,gardendale,99,US,1593654504,94,33.66,-86.81,24.44,1.04
249,conde,0,BR,1593654505,94,-7.26,-34.91,22.0,1.5
250,kato mazarakion,0,GR,1593654505,88,38.07,21.65,21.0,0.08
251,victoria,40,HK,1593654303,74,22.29,114.16,31.0,4.1
252,kenai,1,US,1593654505,34,60.55,-151.26,21.0,4.1
253,platteville,1,US,1593654506,78,42.73,-90.48,26.0,2.6
254,veinticinco de mayo,100,AR,1593654506,83,-35.43,-60.17,7.22,0.89
255,nyurba,99,RU,1593654506,37,63.28,118.33,25.81,4.45
256,coquimbo,71,CL,1593654355,87,-29.95,-71.34,14.0,4.1
257,asau,0,RO,1593654507,82,46.43,26.4,17.22,1.45
258,anadyr,75,RU,1593654507,100,64.75,177.48,6.0,11.0
259,san patricio,75,MX,1593654508,74,19.22,-104.7,29.0,1.5
260,kanye,0,BW,1593654508,77,-24.97,25.33,5.56,2.07
261,sorland,97,NO,1593654508,83,67.67,12.69,8.46,9.47
262,garoua,6,CM,1593654508,71,9.3,13.4,24.86,1.3
263,iqaluit,75,CA,1593654369,58,63.75,-68.51,15.0,5.7
264,great yarmouth,96,GB,1593654509,99,52.61,1.73,15.56,4.83
265,corinto,0,GR,1593654259,55,37.94,22.96,26.67,0.89
266,koryukivka,0,UA,1593654510,90,51.77,32.25,15.72,2.65
267,fortuna,1,US,1593654407,67,40.6,-124.16,15.0,7.7
268,sakaiminato,75,JP,1593654510,83,35.55,133.23,21.0,4.1
269,hami,41,CN,1593654510,15,42.8,93.45,28.85,1.5
270,kenderes,44,HU,1593654511,88,47.25,20.68,20.0,2.1
271,maldonado,90,UY,1593654266,81,-34.67,-54.92,9.44,7.2
272,berlevag,100,NO,1593654511,93,70.86,29.09,7.81,6.65
273,barranca,31,PE,1593654511,91,-10.75,-77.77,14.64,3.04
274,chuy,9,UY,1593654512,83,-33.7,-53.46,6.33,4.4
275,semporna,20,MY,1593654347,79,4.48,118.61,30.0,1.0
276,gizo,85,SB,1593654512,72,-8.1,156.84,28.19,2.57
277,qaanaaq,2,GL,1593654513,75,77.48,-69.36,3.76,0.63
278,port augusta,1,AU,1593654513,67,-32.5,137.77,14.0,4.1
279,burnie,7,AU,1593654300,67,-41.07,145.92,13.89,4.92
280,poco branco,0,BR,1593654514,94,-5.62,-35.66,23.0,1.5
281,nicoya,99,CR,1593654303,88,10.15,-85.45,23.93,0.49
282,huntsville,75,US,1593654515,88,34.73,-86.59,25.0,2.1
283,meulaboh,33,ID,1593654515,72,4.14,96.13,27.65,1.2
284,zaton,20,RU,1593654516,77,53.29,83.81,19.0,3.0
285,jucuapa,62,SV,1593654516,97,13.52,-88.38,20.89,0.66
286,aswan,0,EG,1593654517,20,24.09,32.91,26.34,3.29
287,rio gallegos,0,AR,1593654380,89,-51.62,-69.22,0.0,1.0
288,thomaston,1,US,1593654517,100,32.89,-84.33,23.89,2.79
289,lagoa,4,PT,1593654518,65,39.05,-27.98,17.93,1.89
290,salalah,90,OM,1593654379,89,17.02,54.09,29.0,2.1
291,nemuro,75,JP,1593654518,100,43.32,145.57,14.0,3.1
292,vostok,35,RU,1593654518,54,46.49,135.88,21.31,2.72
293,semey,40,KZ,1593654519,77,50.41,80.23,19.0,3.0
294,mehamn,100,NO,1593654519,95,71.04,27.85,7.19,3.1
295,bereda,93,ES,1593654519,97,43.27,-7.54,13.33,0.45
296,birin,9,NP,1593654519,89,26.89,88.07,21.71,0.89
297,tuatapere,0,NZ,1593654520,72,-46.13,167.68,8.81,1.99
298,ruteng,0,ID,1593654520,56,-8.61,120.47,23.05,0.75
299,nouadhibou,75,MR,1593654520,88,20.93,-17.03,21.0,7.2
300,veisiejai,100,LT,1593654521,96,54.1,23.7,15.22,1.94
301,coihaique,90,CL,1593654521,93,-45.58,-72.07,2.0,1.0
302,kapustin yar,0,RU,1593654521,59,48.58,45.74,22.36,5.21
303,yulara,0,AU,1593654521,44,-25.24,130.99,16.0,5.1
304,moussoro,34,TD,1593654522,41,13.64,16.49,30.81,4.73
305,piacabucu,0,BR,1593654522,74,-10.41,-36.43,21.96,0.88
306,zwedru,100,LR,1593654522,91,6.07,-8.13,21.67,0.76
307,porbandar,21,IN,1593654522,76,21.64,69.61,29.72,3.68
308,kruisfontein,0,ZA,1593654523,65,-34.0,24.73,9.87,1.42
309,bati,100,ET,1593654523,46,11.18,40.02,22.48,2.16
310,mount gambier,78,AU,1593654238,81,-37.83,140.77,10.18,4.84
311,itarema,0,BR,1593654524,84,-2.92,-39.92,25.26,4.55
312,pangody,0,RU,1593654524,52,65.85,74.49,15.23,1.91
313,paracuru,0,BR,1593654524,77,-3.41,-39.03,26.67,8.49
314,khvoynaya,4,RU,1593654524,96,58.9,34.53,11.4,3.04
315,khorixas,0,NA,1593654525,35,-20.37,14.97,13.87,4.35
316,bogorodskoye,46,RU,1593654525,96,56.55,37.88,13.14,2.97
317,rosetta,40,EG,1593654525,88,31.4,30.42,23.0,2.1
318,leningradskiy,100,RU,1593654526,96,69.38,178.42,1.53,4.5
319,les cayes,13,HT,1593654526,81,18.2,-73.75,26.0,1.83
320,antalaha,90,MG,1593654526,81,-14.9,50.28,20.22,2.93
321,grindavik,40,IS,1593654526,100,63.84,-22.43,8.0,0.5
322,prince rupert,90,CA,1593654527,87,54.32,-130.32,13.0,2.1
323,norman wells,90,CA,1593654527,93,65.28,-126.83,13.0,7.2
324,ust-tsilma,98,RU,1593654527,65,65.44,52.15,14.71,3.91
325,portland,90,US,1593654466,63,45.52,-122.68,18.33,5.7
326,alekseyevsk,33,RU,1593654528,34,57.84,108.35,29.3,3.8
327,kavieng,32,PG,1593654528,67,-2.57,150.8,29.62,3.97
328,waterloo,1,CA,1593654462,68,43.47,-80.52,22.0,1.5
329,galesong,20,ID,1593654529,74,-5.32,119.37,28.0,2.1
330,mecca,69,SA,1593654529,23,21.43,39.83,29.27,2.79
331,partizanskoye,0,RU,1593654529,71,55.5,94.39,23.85,6.16
332,sao gabriel da cachoeira,98,BR,1593654529,96,-0.13,-67.09,23.11,0.98
333,arlit,0,NE,1593654530,16,18.74,7.39,31.3,3.26
334,deputatskiy,0,RU,1593654530,37,69.3,139.9,15.34,9.54
335,nouakchott,20,MR,1593654530,78,18.09,-15.98,25.0,4.6
336,wajima,75,JP,1593654531,94,37.4,136.9,21.0,5.7
337,san cristobal,98,VE,1593654531,92,7.77,-72.22,19.09,1.22
338,pafos,0,CY,1593654531,82,34.77,32.42,20.0,1.5
339,shiyan,32,CN,1593654354,67,32.65,110.78,27.16,1.47
340,halifax,94,CA,1593654311,80,44.65,-63.57,17.78,2.76
341,zhireken,0,RU,1593654532,34,52.82,117.31,27.79,1.96
342,saint-francois,90,FR,1593654532,68,46.42,3.91,20.0,1.5
343,buala,100,SB,1593654533,74,-8.14,159.59,28.71,2.48
344,shengjin,0,AL,1593654533,83,41.81,19.59,23.0,1.5
345,pemangkat,100,ID,1593654534,83,1.17,108.97,26.96,3.21
346,dekar,0,BW,1593654534,63,-21.53,21.93,7.85,3.08
347,camacha,75,PT,1593654535,73,33.08,-16.33,21.0,4.1
348,nokha,0,IN,1593654536,44,27.6,73.42,34.14,8.4
349,faya,20,SA,1593654537,35,18.39,42.45,23.0,1.74
350,beian,20,NO,1593654537,87,63.66,9.57,6.11,3.1
351,kaitangata,64,NZ,1593654537,80,-46.28,169.85,8.33,0.89
352,tessalit,0,ML,1593654537,14,20.2,1.01,29.29,0.88
353,pocos de caldas,0,BR,1593654413,98,-21.79,-46.56,8.3,1.58
354,vanimo,32,PG,1593654538,66,-2.67,141.3,29.33,2.92
355,oussouye,100,SN,1593654538,100,12.48,-16.55,26.0,1.0
356,mopipi,0,BW,1593654539,89,-21.18,24.88,8.4,3.7
357,havelock,20,US,1593654263,78,34.88,-76.9,27.22,1.5
358,jalu,0,LY,1593654539,47,29.03,21.55,23.84,4.85
359,walvis bay,0,NA,1593654540,25,-22.96,14.51,19.5,2.87
360,iralaya,100,HN,1593654540,86,15.0,-83.23,26.43,3.38
361,dublin,1,US,1593654441,39,37.7,-121.94,27.22,5.7
362,bolshoye nagatkino,40,RU,1593654541,93,54.52,47.97,16.0,4.0
363,ishinomaki,75,JP,1593654541,65,38.42,141.3,27.0,2.1
364,okhotsk,6,RU,1593654541,52,59.38,143.3,16.67,4.92
365,orje,3,NO,1593654542,81,59.48,11.66,11.11,2.1
366,ambilobe,69,MG,1593654542,86,-13.2,49.05,17.24,1.48
367,camana,83,PE,1593654542,77,-16.62,-72.71,15.34,2.26
368,benguela,0,AO,1593654543,85,-12.58,13.41,18.64,1.5
369,san isidro,90,PE,1593654327,82,-12.12,-77.05,16.0,5.7
370,ucluelet,40,CA,1593654467,72,48.93,-125.55,16.11,3.6
371,jieshi,100,CN,1593654543,80,22.81,115.83,29.43,5.59
372,nigde,0,TR,1593654503,66,37.83,34.75,11.83,2.06
373,chernyshevskiy,71,RU,1593654544,34,63.01,112.47,24.99,2.31
374,mitu,85,CO,1593654544,95,1.2,-70.17,22.57,0.48
375,jibuti,1,DJ,1593654545,49,11.5,42.5,34.0,1.5
376,palu,94,ID,1593654545,55,-0.89,119.87,31.17,0.38
377,brigham city,1,US,1593654545,14,41.51,-112.02,27.0,2.1
378,champerico,40,GT,1593654545,74,14.3,-91.92,27.87,2.05
379,nishihara,90,JP,1593654546,78,26.18,127.76,28.89,5.1
380,listvyanka,0,RU,1593654546,53,51.85,104.87,24.0,3.0
381,byron bay,58,AU,1593654546,53,-28.65,153.62,22.0,1.0
382,penzance,53,GB,1593654546,93,50.12,-5.54,13.0,7.2
383,zhigansk,0,RU,1593654547,35,66.77,123.37,23.63,8.45
384,savinka,1,RU,1593654547,44,50.08,47.1,19.35,4.1
385,edson,90,CA,1593654547,93,53.58,-116.44,12.0,3.6
386,kavaratti,100,IN,1593654548,75,10.57,72.64,28.79,6.67
387,kolondieba,12,ML,1593654548,83,11.09,-6.89,24.42,1.41
388,dzhebariki-khaya,100,RU,1593654548,78,62.22,135.8,16.06,3.35
389,hue,40,VN,1593654291,55,16.47,107.6,33.0,2.1
390,vestmannaeyjar,0,IS,1593654549,85,63.44,-20.27,9.93,5.62
391,ulladulla,70,AU,1593654549,45,-35.35,150.47,20.0,7.7
392,preobrazheniye,0,RU,1593654549,59,42.9,133.91,19.89,2.15
393,hamilton,1,US,1593654306,69,39.18,-84.53,27.78,2.1
394,taksimo,50,RU,1593654550,39,56.34,114.88,26.83,0.76
395,tarauaca,70,BR,1593654550,84,-8.16,-70.77,23.34,1.06
396,amga,0,RU,1593654550,46,60.9,131.96,27.07,3.52
397,yenagoa,100,NG,1593654551,95,4.92,6.26,23.46,2.02
398,rockland,85,US,1593654551,78,41.17,-74.05,23.89,0.7
399,santa cruz,75,BO,1593654404,63,-17.8,-63.17,18.0,1.5
400,margate,96,GB,1593654551,82,51.38,1.39,16.11,0.89
401,egvekinot,100,RU,1593654552,100,66.32,-179.17,5.11,3.68
402,ahipara,20,NZ,1593654552,59,-35.17,173.17,13.69,5.91
403,berdigestyakh,13,RU,1593654552,34,62.1,126.7,29.8,4.82
404,hovd,0,MN,1593654553,37,48.01,91.64,18.71,2.72
405,jiaonan,99,CN,1593654553,61,35.88,119.98,28.33,2.0
406,whitecourt,90,CA,1593654476,100,54.15,-115.69,14.0,1.5
407,esmeralda,60,CU,1593654554,94,21.85,-78.12,26.0,1.5
408,lensk,94,RU,1593654555,41,60.73,114.93,29.16,2.97
409,bom jesus,46,BR,1593654555,49,-9.07,-44.36,23.86,0.28
410,kieta,3,PG,1593654556,60,-6.22,155.63,29.69,1.87
411,laguna,1,US,1593654556,22,38.42,-121.42,32.0,6.7
412,thunder bay,40,CA,1593654556,73,48.4,-89.32,23.0,3.6
413,orlik,0,RU,1593654557,45,52.52,99.83,20.92,0.92
414,kitimat,81,CA,1593654306,51,54.05,-128.65,21.67,0.89
415,obo,85,CF,1593654557,96,5.4,26.49,19.41,0.87
416,bonthe,100,SL,1593654558,93,7.53,-12.51,24.3,1.91
417,poum,1,NC,1593654558,59,-20.23,164.02,21.31,5.56
418,abu samrah,0,SY,1593654558,60,35.3,37.18,21.46,3.03
419,moberly,15,US,1593654305,83,39.42,-92.44,26.11,0.45
420,alyangula,40,AU,1593654559,61,-13.85,136.42,28.0,5.1
421,shahr-e kord,0,IR,1593654559,39,32.33,50.86,9.0,2.1
422,namatanai,9,PG,1593654559,64,-3.67,152.43,29.46,1.27
423,daru,73,PG,1593654560,84,-9.08,143.21,26.67,7.74
424,padang,79,ID,1593654560,66,-0.95,100.35,28.53,0.86
425,asmara,97,ER,1593654560,76,15.33,38.93,16.76,3.3
426,vila franca do campo,40,PT,1593654560,77,37.72,-25.43,18.33,3.6
427,verkhnyaya inta,58,RU,1593654561,56,65.98,60.31,15.76,3.08
428,sembakung,3,ID,1593654561,60,3.82,117.25,31.77,0.84
429,santa isabel do rio negro,83,BR,1593654561,95,-0.41,-65.02,23.34,0.92
430,jamsa,6,FI,1593654562,87,61.86,25.19,9.0,4.1
431,kargat,100,RU,1593654562,96,55.2,80.28,16.52,4.43
432,shunyi,87,CN,1593654562,69,40.12,116.65,28.89,2.0
433,macomb,1,US,1593654562,100,40.46,-90.67,25.0,2.1
434,tikrit,0,IQ,1593654563,18,34.61,43.68,28.7,3.87
435,lompoc,12,US,1593654563,72,34.64,-120.46,17.0,5.7
436,innisfail,97,AU,1593654563,87,-17.53,146.03,21.43,4.17
437,bojnurd,20,IR,1593654564,55,37.47,57.33,19.0,1.0
438,aquiraz,40,BR,1593654564,78,-3.9,-38.39,27.0,3.6
439,jumla,73,NP,1593654564,62,29.27,82.18,19.7,1.14
440,wenling,100,CN,1593654564,61,28.37,121.36,27.22,1.4
441,abonnema,100,NG,1593654565,92,4.71,6.79,23.94,2.46
442,show low,1,US,1593654565,23,34.25,-110.03,25.0,6.2
443,west fargo,1,US,1593654565,57,46.88,-96.9,27.0,5.1
444,dharchula,79,IN,1593654565,68,29.85,80.53,23.02,0.58
445,avera,75,US,1593654566,88,33.19,-82.53,25.0,3.1
446,ponta delgada,40,PT,1593654564,77,37.73,-25.67,18.33,3.6
447,dzaoudzi,75,YT,1593654566,73,-12.79,45.27,25.0,8.2
448,touba,100,CI,1593654567,96,8.28,-7.68,21.28,0.82
449,smithers,75,CA,1593654567,40,54.78,-127.17,23.0,6.2
450,sarangani,98,PH,1593654567,71,5.4,125.46,28.61,1.6
451,taft,0,IR,1593654567,18,31.75,54.21,28.0,3.1
452,baoqing,8,CN,1593654568,73,46.33,132.21,21.25,4.72
453,vacaria,97,BR,1593654568,99,-28.51,-50.93,7.22,3.8
454,lata,7,PT,1593654568,88,40.16,-8.33,16.67,0.89
455,lucapa,0,AO,1593654569,44,-8.42,20.74,17.01,1.54
456,bartica,75,GY,1593654569,94,6.4,-58.62,25.0,1.0
457,thongwa,40,MM,1593654569,94,16.76,96.53,26.0,1.0
458,lexington,40,US,1593654353,78,37.99,-84.48,25.0,1.5
459,kasangulu,0,CD,1593654570,70,-4.59,15.17,21.2,1.75
460,bani,22,DO,1593654570,75,18.28,-70.33,28.89,0.45
461,irbit,100,RU,1593654570,90,57.67,63.07,9.71,1.9
462,caceres,0,ES,1593654571,69,39.52,-6.37,19.44,0.89
463,baykit,27,RU,1593654571,37,61.67,96.37,25.53,2.39
464,suntar,98,RU,1593654571,51,62.14,117.63,26.7,3.35
465,sao paulo de olivenca,84,BR,1593654571,95,-3.38,-68.87,22.99,1.01
466,bagotville,3,AU,1593654572,53,-28.98,153.42,22.0,1.0
467,tutoia,4,BR,1593654572,86,-2.76,-42.27,25.45,2.68
468,lodwar,99,KE,1593654572,52,3.12,35.6,26.05,8.95
469,yendi,69,GH,1593654573,96,9.44,-0.01,22.89,2.19
470,inhambane,27,MZ,1593654573,78,-23.86,35.38,17.63,2.41
471,waverly,1,US,1593654573,57,42.74,-84.62,27.0,3.1
472,acarau,0,BR,1593654574,85,-2.89,-40.12,25.19,4.5
473,lubao,75,PH,1593654575,70,14.92,120.55,31.67,1.0
474,bubaque,100,GW,1593654576,87,11.28,-15.83,25.43,2.99
475,adrar,17,MR,1593654577,21,20.5,-10.07,35.65,5.8
476,lulea,0,SE,1593654544,57,65.58,22.15,9.0,4.1
477,pochutla,100,MX,1593654577,68,15.74,-96.47,29.44,0.5
478,abu dhabi,0,AE,1593654481,44,24.47,54.37,35.0,4.1
479,luwuk,85,ID,1593654578,76,-0.95,122.79,26.92,3.09
480,neiafu,75,TO,1593654578,78,-18.65,-173.98,26.0,3.1
481,vaitape,100,PF,1593654578,79,-16.52,-151.75,26.85,9.97
482,northfield,1,US,1593654578,78,44.46,-93.16,28.0,0.74
483,pergamino,43,AR,1593654415,91,-33.89,-60.57,4.44,2.42
484,garwa,0,IN,1593654579,51,24.18,83.82,32.55,1.93
485,norheimsund,46,NO,1593654580,76,60.37,6.15,9.44,1.38
486,mlonggo,20,ID,1593654580,69,-6.53,110.7,27.0,1.0
487,sorong,97,ID,1593654580,73,-0.88,131.25,27.96,3.39
488,sola,77,VU,1593654580,80,-13.88,167.55,25.11,11.38
489,arsikere,100,IN,1593654581,83,13.31,76.26,22.23,3.93
490,hofn,100,IS,1593654581,74,64.25,-15.21,8.83,4.42
491,lubin,2,PL,1593654581,88,51.4,16.2,18.33,1.5
492,longonjo,0,AO,1593654581,45,-12.91,15.25,10.8,1.28
493,tucuman,0,AR,1593654582,75,-26.82,-65.22,6.0,0.6
494,constantine,0,DZ,1593654582,49,36.37,6.61,22.0,1.0
495,pizarro,100,CO,1593654582,88,4.95,-77.37,25.3,2.09
496,solnechnyy,73,RU,1593654583,48,50.72,136.63,16.12,5.07
497,ojinaga,40,MX,1593654583,18,29.57,-104.42,37.0,3.1
498,shache,21,CN,1593654583,21,38.42,77.24,27.31,3.65
499,palmer,75,US,1593654288,82,42.16,-72.33,19.44,0.8
500,igarka,65,RU,1593654584,63,67.47,86.58,16.11,2.59
501,puerto madryn,100,AR,1593654584,81,-42.77,-65.04,7.34,5.33
502,aras,90,ES,1593654584,68,42.56,-2.36,21.0,1.5
503,bend,1,US,1593654544,34,44.06,-121.32,18.0,7.2
504,ridgecrest,1,US,1593654585,13,35.62,-117.67,35.0,11.8
505,banyo,100,CM,1593654585,93,6.75,11.82,18.13,0.5
506,torbay,90,CA,1593654585,100,47.67,-52.73,19.44,8.2
507,katsuura,40,JP,1593654586,74,35.13,140.3,28.89,12.9
508,colac,3,AU,1593654568,99,-38.33,143.58,10.0,4.02
509,santarem,96,BR,1593654586,78,-2.44,-54.71,28.0,4.1
510,alta floresta,81,BR,1593654586,64,-9.88,-56.09,22.95,1.1
511,lao cai,98,VN,1593654587,78,22.48,103.95,29.1,0.62
512,port-cartier,75,CA,1593654587,56,50.03,-66.87,23.0,1.5
513,fallon,20,US,1593654587,9,39.47,-118.78,30.0,2.1
514,yichun,11,CN,1593654587,47,47.7,128.9,28.82,0.45
515,ndele,99,CF,1593654588,95,8.41,20.65,21.46,1.43
516,balkhash,95,KZ,1593654588,36,46.84,74.98,24.76,7.53
517,aiken,90,US,1593654588,74,33.58,-81.6,27.22,1.5
518,christchurch,97,NZ,1593654422,93,-43.53,172.63,9.44,4.1
519,buluang,86,PH,1593654589,58,13.31,123.34,32.36,0.15
520,flin flon,93,CA,1593654589,94,54.77,-101.86,19.08,1.34
521,dunhua,0,CN,1593654589,54,43.37,128.24,24.98,0.35
522,chipinge,2,ZW,1593654590,100,-20.19,32.62,8.33,1.01
523,chumikan,15,RU,1593654590,63,54.72,135.31,13.46,1.42
524,mikhaylovka,13,RU,1593654590,78,50.06,43.24,16.67,0.89
525,billings,40,US,1593654412,30,45.78,-108.5,23.89,4.1
526,mantua,12,IT,1593654591,94,45.17,10.78,23.0,3.6
527,chapais,1,CA,1593654591,47,49.78,-74.85,26.0,1.0
528,perth,0,AU,1593654385,71,-31.93,115.83,12.78,3.51
529,vila velha,30,BR,1593654592,83,-20.33,-40.29,22.22,2.1
530,marzuq,100,YE,1593654592,47,14.4,46.47,26.34,2.97
531,bjornevatn,97,NO,1593654592,87,69.67,29.98,8.0,11.8
532,port hardy,75,CA,1593654592,72,50.7,-127.42,15.0,4.6
533,gao,13,ML,1593654593,34,16.64,1.64,32.3,3.58
534,royan,40,FR,1593654593,82,45.63,-1.03,17.0,1.5
535,dori,67,BF,1593654594,36,14.04,-0.03,33.6,1.9
536,jiamusi,76,CN,1593654594,75,46.83,130.35,20.48,4.58
537,banda aceh,83,ID,1593654595,72,5.56,95.32,28.55,2.88
538,saint-pierre,75,RE,1593654595,88,-21.34,55.48,19.0,2.6
539,mayya,40,RU,1593654596,68,61.73,130.28,21.0,3.0
540,itaituba,100,BR,1593654597,89,-4.28,-55.98,24.23,0.46
541,pangnirtung,1,CA,1593654597,43,66.15,-65.71,11.95,0.79
542,sumbe,2,AO,1593654597,86,-11.21,13.84,20.45,1.39
543,sao felix do xingu,3,BR,1593654597,68,-6.64,-51.99,22.68,0.7
544,dingle,100,PH,1593654598,67,11.0,122.67,30.32,2.03
545,manaure,23,CO,1593654598,75,11.78,-72.44,27.74,7.21
546,gamba,100,GA,1593654598,87,-2.65,10.0,22.26,1.4
547,portobelo,100,PA,1593654598,83,9.55,-79.65,27.22,3.58
548,talnakh,3,RU,1593654599,58,69.49,88.4,12.0,2.0
549,pitsunda,0,GE,1593654599,72,43.16,40.34,20.0,5.0
550,bara,22,NG,1593654599,79,10.37,10.73,24.34,3.0
551,high rock,0,BS,1593654600,69,26.62,-78.28,29.2,5.16
552,morros,31,BR,1593654600,47,-9.45,-46.3,23.46,1.04
553,dudinka,2,RU,1593654600,58,69.41,86.18,12.0,2.0
554,awbari,0,LY,1593654600,18,26.59,12.78,25.85,3.37
555,feldkirchen,3,DE,1593654601,90,48.15,11.74,18.33,3.45
556,piranshahr,16,IR,1593654601,64,36.7,45.14,14.22,2.89
557,almeirim,86,BR,1593654601,94,-1.52,-52.58,23.19,1.06
558,minuri,100,PH,1593654602,69,16.54,121.86,29.9,0.54
559,olafsvik,0,IS,1593654602,82,64.89,-23.71,10.06,2.47
560,bukachacha,0,RU,1593654602,29,52.98,116.92,29.0,1.37
561,nizhniy kuranakh,75,RU,1593654603,51,58.84,125.49,26.05,3.69
562,cherskiy,100,RU,1593654603,47,68.75,161.3,12.96,7.77
563,grand-lahou,100,CI,1593654603,84,5.14,-5.02,24.29,3.28
564,baherden,1,TM,1593654604,27,38.44,57.43,27.4,4.36
565,boulsa,0,BF,1593654604,57,12.67,-0.58,29.36,4.02
566,sur,98,OM,1593654604,78,22.57,59.53,29.44,4.1
567,point fortin,0,TT,1593654604,89,10.18,-61.68,25.56,6.4
568,lac du bonnet,0,CA,1593654605,46,50.25,-96.06,26.67,2.79
569,maua,0,BR,1593654605,81,-23.67,-46.46,13.89,0.5
570,makakilo city,40,US,1593654605,48,21.35,-158.09,31.0,5.1
571,morondava,0,MG,1593654606,60,-20.28,44.28,21.48,4.22
572,lerwick,100,GB,1593654607,70,60.15,-1.15,8.0,4.6
573,pavlodar,100,KZ,1593654607,56,52.3,76.95,21.0,2.0
574,santiago de cao,19,PE,1593654607,87,-7.96,-79.24,16.79,5.15
575,grand gaube,8,MU,1593654608,80,-20.01,57.66,20.0,1.79
576,komsomolskiy,100,UZ,1593654608,36,40.43,71.72,24.0,3.1
577,amapa,2,BR,1593654608,96,1.0,-52.0,21.68,0.79
578,hereford,8,GB,1593654459,85,52.06,-2.71,12.78,1.64
579,westlock,20,CA,1593654609,87,54.15,-113.87,18.0,3.6
580,hoquiam,90,US,1593654609,93,46.98,-123.89,13.33,5.7
581,shahabad,0,IN,1593654609,51,27.65,79.95,33.57,3.16
582,calamar,54,CO,1593654610,87,10.25,-74.91,25.62,2.53
